Fecha;Latitud;Longitud;Precipitacion;AÃ±o;Mes;P3;P12;SPI-3;SPI-12
1961-01-01;-24.2;-55.4;83.5872344970703;1961;1;;;;
1961-02-01;-24.2;-55.4;174.544586181641;1961;2;;;;
1961-03-01;-24.2;-55.4;257.097473144531;1961;3;515.2292938232423;;1.0449222713462498;
1961-04-01;-24.2;-55.4;77.4871978759766;1961;4;509.1292572021486;;1.843189913239708;
1961-05-01;-24.2;-55.4;140.717437744141;1961;5;475.3021087646486;;2.2622043621205674;
1961-06-01;-24.2;-55.4;27.1305313110352;1961;6;245.3351669311528;;0.4976271787615706;
1961-07-01;-24.2;-55.4;39.1714248657227;1961;7;207.01939392089886;;0.13256648424219136;
1961-08-01;-24.2;-55.4;26.1254692077637;1961;8;92.4274253845216;;-1.904783429067146;
1961-09-01;-24.2;-55.4;41.7528839111328;1961;9;107.0497779846192;;-2.436470690175729;
1961-10-01;-24.2;-55.4;83.6958541870117;1961;10;151.5742073059082;;-2.6444928323206347;
1961-11-01;-24.2;-55.4;198.935852050781;1961;11;324.3845901489255;;-0.8182450119489676;
1961-12-01;-24.2;-55.4;113.241844177246;1961;12;395.87355041503866;1263.487789154053;-0.5177710753888567;-0.3251080410642478
1962-01-01;-24.2;-55.4;155.548843383789;1962;1;467.726539611816;1335.4493980407717;0.048298059008584665;0.021767881144733197
1962-02-01;-24.2;-55.4;105.183959960938;1962;2;373.974647521973;1266.0887718200688;-0.601516365614776;-0.29824176354315085
1962-03-01;-24.2;-55.4;77.2693023681641;1962;3;338.0021057128911;1086.2606010437019;-0.5485919223891492;-1.142146990089181
1962-04-01;-24.2;-55.4;104.75057220459;1962;4;287.2038345336921;1113.5239753723151;-0.4042463441119844;-1.016132116378167
1962-05-01;-24.2;-55.4;14.1958608627319;1962;5;196.21573543548598;987.002398490906;-0.7928945815852761;-1.6305593601370532
1962-06-01;-24.2;-55.4;27.7748413085938;1962;6;146.7212743759157;987.6467084884647;-0.7458908165624089;-1.6525759647892584
1962-07-01;-24.2;-55.4;76.0729446411133;1962;7;118.043646812439;1024.5482282638552;-1.000495752021476;-1.4267533527615723
1962-08-01;-24.2;-55.4;34.2262229919434;1962;8;138.0740089416505;1032.6489820480351;-1.1042109869962393;-1.434934070120546
1962-09-01;-24.2;-55.4;137.164367675781;1962;9;247.46353530883766;1128.060465812683;-0.2486659891606895;-0.9515045510286995
1962-10-01;-24.2;-55.4;84.5705718994141;1962;10;255.9611625671385;1128.9351835250857;-0.939766448393871;-0.9513685461011896
1962-11-01;-24.2;-55.4;164.895401000977;1962;11;386.63034057617205;1094.8947324752817;0.02466265588369938;-1.136890635588597
1962-12-01;-24.2;-55.4;213.890609741211;1962;12;463.356582641602;1195.5434980392465;0.20557793784508646;-0.6554748713223811
1963-01-01;-24.2;-55.4;166.103866577148;1963;1;544.8898773193359;1206.0985212326054;0.6786159313649539;-0.590067231955409
1963-02-01;-24.2;-55.4;253.704223632812;1963;2;633.698699951171;1354.6187849044795;1.3106527672015098;0.10787666661265395
1963-03-01;-24.2;-55.4;76.028923034668;1963;3;495.837013244628;1353.3784055709834;0.890316396888845;0.11239774240647987
1963-04-01;-24.2;-55.4;34.3417816162109;1963;4;364.0749282836909;1282.9696149826043;0.4739106360038751;-0.20307202477445835
1963-05-01;-24.2;-55.4;150.137130737305;1963;5;260.5078353881839;1418.9108848571773;0.08795011300035409;0.40188448810330446
1963-06-01;-24.2;-55.4;59.5178604125977;1963;6;243.99677276611357;1450.6539039611814;0.4832490630976521;0.5270647303123592
1963-07-01;-24.2;-55.4;59.8327789306641;1963;7;269.48777008056675;1434.4137382507322;0.7406769934225684;0.4497728134858814
1963-08-01;-24.2;-55.4;91.2736434936523;1963;8;210.62428283691406;1491.4611587524412;-0.14989397394866846;0.6902139467326301
1963-09-01;-24.2;-55.4;68.5903015136719;1963;9;219.69672393798825;1422.887092590332;-0.5949131191429581;0.3966947731174629
1963-10-01;-24.2;-55.4;111.382263183594;1963;10;271.2462081909182;1449.698783874512;-0.7335302527777666;0.48980641103426464
1963-11-01;-24.2;-55.4;145.4072265625;1963;11;325.37979125976585;1430.210609436035;-0.8039458518580634;0.4230217652183153
1963-12-01;-24.2;-55.4;107.070907592773;1963;12;363.860397338867;1323.390907287597;-0.8902227565858866;-0.04358175249743321
1964-01-01;-24.2;-55.4;133.67887878418;1964;1;386.15701293945295;1290.965919494629;-0.698843214057607;-0.18397574167041558
1964-02-01;-24.2;-55.4;140.88850402832;1964;2;381.638290405273;1178.150199890137;-0.5339944429374487;-0.720949459808877
1964-03-01;-24.2;-55.4;113.665870666504;1964;3;388.23325347900396;1215.7871475219729;-0.04938813663396792;-0.5106544164887722
1964-04-01;-24.2;-55.4;91.4803848266602;1964;4;346.03475952148415;1272.9257507324223;0.2798466833481272;-0.24918205010008773
1964-05-01;-24.2;-55.4;32.2035636901855;1964;5;237.34981918334964;1154.9921836853025;-0.21041098988787146;-0.7798958557137807
1964-06-01;-24.2;-55.4;65.3384017944336;1964;6;189.02235031127924;1160.8127250671384;-0.1591811220807;-0.7698511039449918
1964-07-01;-24.2;-55.4;66.2098388671875;1964;7;163.75180435180653;1167.1897850036619;-0.36500896649897197;-0.7242606534147124
1964-08-01;-24.2;-55.4;154.582122802734;1964;8;286.130363464355;1230.4982643127437;0.6290790357302524;-0.45362620767895173
1964-09-01;-24.2;-55.4;137.733001708984;1964;9;358.52496337890545;1299.6409645080557;0.9217207779927962;-0.14171436959782102
1964-10-01;-24.2;-55.4;118.465400695801;1964;10;410.78052520751896;1306.7241020202628;0.8623165283901173;-0.1230692055595169
1964-11-01;-24.2;-55.4;40.0443115234375;1964;11;296.24271392822243;1201.3611869812003;-1.2355420350260344;-0.6105138713446462
1964-12-01;-24.2;-55.4;94.1344528198242;1964;12;252.64416503906264;1188.4247322082515;-2.391835414410622;-0.6908126279535061
1965-01-01;-24.2;-55.4;142.539794921875;1965;1;276.71855926513666;1197.2856483459466;-1.8939583759814818;-0.6333245914584218
1965-02-01;-24.2;-55.4;242.605209350586;1965;2;479.27945709228516;1299.0023536682124;0.2558597653373056;-0.14510348982375887
1965-03-01;-24.2;-55.4;72.9586181640625;1965;3;458.10362243652344;1258.295101165771;0.5777181019497887;-0.31333912186851226
1965-04-01;-24.2;-55.4;44.4737739562988;1965;4;360.03760147094727;1211.2884902954097;0.4310426693670986;-0.5376304883992328
1965-05-01;-24.2;-55.4;89.303955078125;1965;5;206.73634719848624;1268.3888816833492;-0.6365758455712285;-0.25204983439220596
1965-06-01;-24.2;-55.4;25.5077610015869;1965;6;159.28549003601063;1228.5582408905025;-0.5607597910258478;-0.4488253587007157
1965-07-01;-24.2;-55.4;63.2416534423828;1965;7;178.05336952209464;1225.5900554656978;-0.1916516075835568;-0.4533996327414632
1965-08-01;-24.2;-55.4;94.70556640625;1965;8;183.45498085021964;1165.7134990692136;-0.47611308145504755;-0.7623751007858384
1965-09-01;-24.2;-55.4;95.0232238769531;1965;9;252.97044372558585;1123.0037212371828;-0.18315569997504172;-0.9765932190617541
1965-10-01;-24.2;-55.4;121.79190826416;1965;10;311.52069854736305;1126.3302288055418;-0.22541034027956636;-0.9641378904794363
1965-11-01;-24.2;-55.4;126.852081298828;1965;11;343.66721343994107;1213.1379985809322;-0.5462967052096271;-0.5542503725198186
1965-12-01;-24.2;-55.4;131.731231689453;1965;12;380.37522125244095;1250.734777450561;-0.695434181593633;-0.38619158984239593
1966-01-01;-24.2;-55.4;103.786285400391;1966;1;362.369598388672;1211.9812679290771;-0.9366321623826378;-0.5613104028127922
1966-02-01;-24.2;-55.4;185.30549621582;1966;2;420.82301330566395;1154.681554794311;-0.2023569535069512;-0.8373319418162398
1966-03-01;-24.2;-55.4;102.400001525879;1966;3;391.49178314208996;1184.1229381561277;-0.018540659413379817;-0.6606687897081618
1966-04-01;-24.2;-55.4;90.0557022094727;1966;4;377.76119995117165;1229.7048664093015;0.6169352632356205;-0.4504338958261743
1966-05-01;-24.2;-55.4;30.860969543457;1966;5;223.31667327880865;1171.2618808746336;-0.4008445839644406;-0.7020803740186263
1966-06-01;-24.2;-55.4;15.143627166748;1966;6;136.06029891967765;1160.8977470397947;-0.9117363310440422;-0.7694403993326348
1966-07-01;-24.2;-55.4;32.3813285827637;1966;7;78.38592529296864;1130.0374221801756;-1.712707276184492;-0.9013623730765274
1966-08-01;-24.2;-55.4;38.6931991577148;1966;8;86.21815490722645;1074.0250549316402;-2.0343974477313758;-1.2198051246504447
1966-09-01;-24.2;-55.4;49.1999282836914;1966;9;120.27445602416985;1028.2017593383785;-2.163965267323929;-1.4618269901563736
1966-10-01;-24.2;-55.4;121.465408325195;1966;10;209.35853576660114;1027.8752593994136;-1.6259414782827513;-1.4622029741508513
1966-11-01;-24.2;-55.4;172.757034301758;1966;11;343.42237091064436;1073.7802124023438;-0.5496843900757198;-1.2453583520112497
1966-12-01;-24.2;-55.4;197.824798583984;1966;12;492.04724121093693;1139.8737792968745;0.49182330205723995;-0.9357111205631059
1967-01-01;-24.2;-55.4;105.195755004883;1967;1;475.777587890625;1141.2832489013665;0.11715199639887879;-0.9133488691688408
1967-02-01;-24.2;-55.4;93.6313934326172;1967;2;396.65194702148415;1049.6091461181638;-0.40432800311453987;-1.378983379687466
1967-03-01;-24.2;-55.4;37.2700119018555;1967;3;236.09716033935564;984.4791564941404;-1.7432474036603351;-1.6752444252757874
1967-04-01;-24.2;-55.4;100.780242919922;1967;4;231.68164825439464;995.2036972045896;-1.1431415681205344;-1.634979594907746
1967-05-01;-24.2;-55.4;32.8622589111328;1967;5;170.91251373291024;997.2049865722655;-1.1939206313261392;-1.5761973337844597
1967-06-01;-24.2;-55.4;34.439624786377;1967;6;168.08212661743175;1016.5009841918944;-0.4370123730143781;-1.4985500810886367
1967-07-01;-24.2;-55.4;13.9617118835449;1967;7;81.26359558105464;998.0813674926757;-1.653275058379563;-1.5643062325608612
1967-08-01;-24.2;-55.4;118.371978759766;1967;8;166.77331542968784;1077.7601470947268;-0.6930470404578152;-1.2006641904063406
1967-09-01;-24.2;-55.4;70.6391754150391;1967;9;202.97286605834995;1099.1993942260744;-0.8180476006049483;-1.095735527703268
1967-10-01;-24.2;-55.4;154.531799316406;1967;10;343.54295349121105;1132.2657852172856;0.1478898130735372;-0.9350711271631174
1967-11-01;-24.2;-55.4;130.710250854492;1967;11;355.88122558593705;1090.2190017700195;-0.37932391532150905;-1.1607871976325672
1967-12-01;-24.2;-55.4;100.763275146484;1967;12;386.0053253173819;993.1574783325195;-0.6303385072265425;-1.7216762254406839
1968-01-01;-24.2;-55.4;112.03539276123;1968;1;343.50891876220595;999.9971160888665;-1.1328496811007756;-1.6638085561120788
1968-02-01;-24.2;-55.4;65.724723815918;1968;2;278.52339172363196;972.0904464721674;-1.5350361767578602;-1.8027365392488242
1968-03-01;-24.2;-55.4;84.445930480957;1968;3;262.20604705810496;1019.2663650512687;-1.4077389052210065;-1.488985786082364
1968-04-01;-24.2;-55.4;94.9051742553711;1968;4;245.07582855224604;1013.3912963867178;-0.9546887265224838;-1.5367068692238985
1968-05-01;-24.2;-55.4;121.074394226074;1968;5;300.42549896240206;1101.603431701659;0.563209816412247;-1.0405700242985287
1968-06-01;-24.2;-55.4;25.9855098724365;1968;6;241.96507835388152;1093.1493167877186;0.4613232374574015;-1.1033689255400305
1968-07-01;-24.2;-55.4;52.9066505432129;1968;7;199.96655464172335;1132.0942554473866;0.0565780454943443;-0.891455615013057
1968-08-01;-24.2;-55.4;98.0048522949219;1968;8;176.89701271057123;1111.7271289825426;-0.5597181808466066;-1.0286279246821366
1968-09-01;-24.2;-55.4;48.7484436035156;1968;9;199.65994644165033;1089.8363971710191;-0.8637283802826365;-1.1430771653205754
1968-10-01;-24.2;-55.4;163.782501220703;1968;10;310.53579711914045;1099.087099075316;-0.23729099230996895;-1.0988963021810765
1968-11-01;-24.2;-55.4;98.1118240356445;1968;11;310.64276885986305;1066.4886722564686;-1.0188010053742504;-1.2831521440579896
1968-12-01;-24.2;-55.4;94.0598602294922;1968;12;355.9541854858397;1059.7852573394769;-0.9856023488701501;-1.355596538862569
1969-01-01;-24.2;-55.4;193.335357666016;1969;1;385.5070419311526;1141.0852222442627;-0.705206402701148;-0.9143553273175699
1969-02-01;-24.2;-55.4;100.338241577148;1969;2;387.73345947265614;1175.6987400054927;-0.48094445461076124;-0.7330328597661564
1969-03-01;-24.2;-55.4;87.0437698364258;1969;3;380.71736907958973;1178.2965793609615;-0.12120519623313164;-0.6885653965094473
1969-04-01;-24.2;-55.4;62.1686782836914;1969;4;249.55068969726514;1145.5600833892818;-0.8933018805094378;-0.8563159164339396
1969-05-01;-24.2;-55.4;25.800651550293;1969;5;175.01309967041013;1050.2863407135007;-1.1262771931563638;-1.2993273620068049
1969-06-01;-24.2;-55.4;34.6427383422852;1969;6;122.61206817626955;1058.9435691833496;-1.1343242424797255;-1.2773175555135068
1969-07-01;-24.2;-55.4;65.6259765625;1969;7;126.06936645507815;1071.6628952026367;-0.8778687545884036;-1.187765620788951
1969-08-01;-24.2;-55.4;198.130065917969;1969;8;298.39878082275413;1171.7881088256836;0.7422661169135708;-0.7329412118092863
1969-09-01;-24.2;-55.4;95.0548477172852;1969;9;358.81089019775413;1218.0945129394531;0.9243999947492457;-0.5169926127742289
1969-10-01;-24.2;-55.4;67.3312835693359;1969;10;360.51619720459007;1121.6432952880862;0.33640127718708374;-0.9871634052154913
1969-11-01;-24.2;-55.4;316.437591552734;1969;11;478.823722839355;1339.9690628051758;1.1205789620102813;0.02967985718894698
1969-12-01;-24.2;-55.4;267.922180175781;1969;12;651.6910552978509;1513.8313827514644;1.9116559200058534;0.7986515529226345
1970-01-01;-24.2;-55.4;44.551139831543;1970;1;628.9109115600579;1365.0471649169915;1.3012254590029912;0.15614117952618645
1970-02-01;-24.2;-55.4;157.508560180664;1970;2;469.98188018798794;1422.2174835205074;0.18557331160412913;0.40621185687269823
1970-03-01;-24.2;-55.4;105.198310852051;1970;3;307.2580108642579;1440.3720245361326;-0.8793871507558929;0.4847826135148614
1970-04-01;-24.2;-55.4;192.296112060547;1970;4;455.00298309326195;1570.4994583129883;1.3662688533801304;1.0259578617092735
1970-05-01;-24.2;-55.4;28.5833015441895;1970;5;326.0777244567874;1573.2821083068848;0.8469520004819419;1.0263234637995446
1970-06-01;-24.2;-55.4;6.62030458450317;1970;6;227.49971818923962;1545.2596745491028;0.3015842073837373;0.9126125891816365
1970-07-01;-24.2;-55.4;57.2165832519531;1970;7;92.42018938064571;1536.850281238556;-1.436239676815601;0.8610239070566662
1970-08-01;-24.2;-55.4;153.80696105957;1970;8;217.6438488960262;1492.527176380157;-0.07028389479320246;0.6946022120945802
1970-09-01;-24.2;-55.4;72.224723815918;1970;9;283.24826812744107;1469.6970524787898;0.16092719113135662;0.5930515326425904
1970-10-01;-24.2;-55.4;143.592437744141;1970;10;369.6241226196289;1545.9582066535947;0.4351371922366698;0.8801485885212007
1970-11-01;-24.2;-55.4;202.52507019043;1970;11;418.34223175048896;1432.0456852912907;0.41942610504881483;0.4308469828218534
1970-12-01;-24.2;-55.4;173.391860961914;1970;12;519.509368896485;1337.5153660774238;0.7556397318317596;0.02155287163867243
1971-01-01;-24.2;-55.4;264.25146484375;1971;1;640.168395996094;1557.2156910896306;1.380427514516343;0.9846992221971824
1971-02-01;-24.2;-55.4;115.489601135254;1971;2;553.1329269409179;1515.1967320442209;0.7844683974144521;0.801571233987163
1971-03-01;-24.2;-55.4;65.1539306640625;1971;3;444.89499664306646;1475.1523518562324;0.464292449693451;0.6294862870778034
1971-04-01;-24.2;-55.4;77.9309539794922;1971;4;258.57448577880865;1360.7871937751775;-0.7717590493345525;0.14625555294341297
1971-05-01;-24.2;-55.4;134.828811645508;1971;5;277.9136962890626;1467.032703876496;0.3007331091781202;0.6011598887430976
1971-06-01;-24.2;-55.4;48.2954940795898;1971;6;261.05525970458996;1508.7078933715827;0.6627693008560737;0.7655518806864423
1971-07-01;-24.2;-55.4;236.208847045898;1971;7;419.33315277099575;1687.7001571655276;1.8953565573017102;1.4349743954252576
1971-08-01;-24.2;-55.4;78.5352630615234;1971;8;363.0396041870111;1612.428459167481;1.293428032011424;1.1755412836161026
1971-09-01;-24.2;-55.4;43.0536918640137;1971;9;357.79780197143504;1583.2574272155766;0.9149007757480552;1.0528149244403069
1971-10-01;-24.2;-55.4;110.856285095215;1971;10;232.44524002075204;1550.5212745666506;-1.2741653585556674;0.8982488967263403
1971-11-01;-24.2;-55.4;201.192962646484;1971;11;355.10293960571266;1549.1891670227046;-0.389847549806089;0.9172289277385405
1971-12-01;-24.2;-55.4;221.608184814453;1971;12;533.657432556152;1597.4054908752437;0.8879758500747419;1.1461500032994598
1972-01-01;-24.2;-55.4;205.040451049805;1972;1;627.841598510742;1538.1944770812988;1.2936544871449471;0.9058113793488466
1972-02-01;-24.2;-55.4;188.584655761719;1972;2;615.2332916259769;1611.2895317077637;1.1940884835621215;1.193684133892696
1972-03-01;-24.2;-55.4;19.9156303405762;1972;3;413.5407371521001;1566.0512313842773;0.18581425995992532;0.99732185155724
1972-04-01;-24.2;-55.4;85.5479888916016;1972;4;294.04827499389677;1573.6682662963867;-0.3200876517701393;1.0386370004610805
1972-05-01;-24.2;-55.4;71.6873016357422;1972;5;177.15092086791995;1510.5267562866209;-1.0914444367594371;0.7775831115007308
1972-06-01;-24.2;-55.4;60.6598739624023;1972;6;217.89516448974604;1522.8911361694334;0.19176679468156974;0.8228921458455795
1972-07-01;-24.2;-55.4;90.3409881591797;1972;7;222.68816375732413;1377.023277282715;0.2954097057855558;0.21080608147123905
1972-08-01;-24.2;-55.4;105.220672607422;1972;8;256.22153472900396;1403.7086868286137;0.33907990283935174;0.32162002670108664
1972-09-01;-24.2;-55.4;120.999481201172;1972;9;316.56114196777366;1481.654476165772;0.5122711949735141;0.6425442687678389
1972-10-01;-24.2;-55.4;116.443885803223;1972;10;342.664039611817;1487.2420768737802;0.1379611575623423;0.6440289794647988
1972-11-01;-24.2;-55.4;120.748031616211;1972;11;358.1913986206059;1406.797145843507;-0.3481775586959472;0.3225909426628264
1972-12-01;-24.2;-55.4;160.31120300293;1972;12;397.50312042236396;1345.500164031984;-0.4993651038405922;0.058171766740552085
1973-01-01;-24.2;-55.4;166.950805664062;1973;1;448.0100402832029;1307.410518646241;-0.12373031066302759;-0.107372895468402
1973-02-01;-24.2;-55.4;120.885795593262;1973;2;448.1478042602539;1239.7116584777839;0.01679475771892675;-0.42290409632188075
1973-03-01;-24.2;-55.4;91.2769927978516;1973;3;379.1135940551755;1311.0730209350593;-0.13665252939068956;-0.07447275899069201
1973-04-01;-24.2;-55.4;85.1957855224609;1973;4;297.35857391357445;1310.7208175659187;-0.2798571873580928;-0.07691248593700217
1973-05-01;-24.2;-55.4;53.6482696533203;1973;5;230.12104797363276;1292.6817855834968;-0.3075300719999587;-0.1431292980141037
1973-06-01;-24.2;-55.4;115.602333068848;1973;6;254.44638824462913;1347.6242446899425;0.5941607931287147;0.08773850055643792
1973-07-01;-24.2;-55.4;50.7375602722168;1973;7;219.98816299438505;1308.0208168029797;0.26790493359339684;-0.08545532674691596
1973-08-01;-24.2;-55.4;64.7849884033203;1973;8;231.12488174438502;1267.5851325988779;0.07790143154290709;-0.28177222315707234
1973-09-01;-24.2;-55.4;143.573638916016;1973;9;259.096187591553;1290.1592903137218;-0.11140040707346148;-0.18452373192587107
1973-10-01;-24.2;-55.4;185.195053100586;1973;10;393.5536804199222;1358.910457611085;0.6871080985539318;0.10557935063678117
1973-11-01;-24.2;-55.4;200.748779296875;1973;11;529.5174713134769;1438.911205291749;1.664712016485123;0.46006441754976124
1973-12-01;-24.2;-55.4;135.538330078125;1973;12;521.4821624755859;1414.1383323669438;0.7742337418260741;0.36713960032646925
1974-01-01;-24.2;-55.4;133.502471923828;1974;1;469.789581298828;1380.68999862671;0.0660163858167594;0.22637676332402665
1974-02-01;-24.2;-55.4;126.886054992676;1974;2;395.92685699462896;1386.690258026124;-0.4105133553427089;0.25062357714753786
1974-03-01;-24.2;-55.4;113.381156921387;1974;3;373.76968383789097;1408.7944221496593;-0.18844270083281378;0.3513845369239699
1974-04-01;-24.2;-55.4;141.968627929688;1974;4;382.23583984375097;1465.5672645568866;0.662953710919655;0.5962111211508963
1974-05-01;-24.2;-55.4;50.4496574401855;1974;5;305.79944229126045;1462.3686523437516;0.6239334297488399;0.5820369689483675
1974-06-01;-24.2;-55.4;195.041061401367;1974;6;387.45934677124046;1541.8073806762704;1.8012440847592202;0.8988215184259256
1974-07-01;-24.2;-55.4;167.901092529297;1974;7;413.3918113708494;1658.9709129333507;1.855121654280082;1.3283402209166508
1974-08-01;-24.2;-55.4;93.7824096679688;1974;8;456.7245635986327;1687.9683341979992;1.9897929781765074;1.4665759933771658
1974-09-01;-24.2;-55.4;113.012306213379;1974;9;374.69580841064476;1657.4070014953625;1.0711110071638108;1.3414127049494293
1974-10-01;-24.2;-55.4;93.5895614624023;1974;10;300.38427734375006;1565.8015098571784;-0.36124876589450367;0.9586066595662153
1974-11-01;-24.2;-55.4;108.473167419434;1974;11;315.07503509521524;1473.5258979797377;-0.9534677933348046;0.6059834028606332
1974-12-01;-24.2;-55.4;149.589752197266;1974;12;351.65248107910224;1487.5773200988788;-1.038103689038239;0.6868830872604794
1975-01-01;-24.2;-55.4;113.090202331543;1975;1;371.153121948243;1467.1650505065936;-0.8476258444849899;0.6054035053298255
1975-02-01;-24.2;-55.4;112.482437133789;1975;2;375.162391662598;1452.7614326477067;-0.5909905014485476;0.5379272935311374
1975-03-01;-24.2;-55.4;47.6060409545898;1975;3;273.17868041992176;1386.9863166809093;-1.2736328176774276;0.25809423072465254
1975-04-01;-24.2;-55.4;116.88801574707;1975;4;276.97649383544876;1361.9057044982912;-0.5325601916465774;0.15117826014797575
1975-05-01;-24.2;-55.4;116.476142883301;1975;5;280.9701995849607;1427.932189941407;0.3371767488447126;0.4395796630096954
1975-06-01;-24.2;-55.4;38.0742988586426;1975;6;271.43845748901356;1270.9654273986826;0.7682978847482648;-0.25388433963186674
1975-07-01;-24.2;-55.4;63.8154067993164;1975;7;218.36584854125994;1166.8797416687019;0.25127055073142396;-0.7257227382023184
1975-08-01;-24.2;-55.4;88.6651153564453;1975;8;190.55482101440424;1161.7624473571784;-0.38786457905186533;-0.7815750868240272
1975-09-01;-24.2;-55.4;96.026237487793;1975;9;248.50675964355463;1144.7763786315923;-0.23618098937174486;-0.8691071715524463
1975-10-01;-24.2;-55.4;143.567123413086;1975;10;328.2584762573242;1194.753940582276;-0.027248022353233068;-0.6351304893733162
1975-11-01;-24.2;-55.4;94.4014892578125;1975;11;333.9948501586914;1180.6822624206545;-0.6813831022534278;-0.7102121801211261
1975-12-01;-24.2;-55.4;178.039566040039;1975;12;416.00817871093744;1209.1320762634275;-0.29382640391268966;-0.588412067109673
1976-01-01;-24.2;-55.4;261.690460205078;1976;1;534.1315155029295;1357.7323341369624;0.5944414809065116;0.12311400855027758
1976-02-01;-24.2;-55.4;163.668304443359;1976;2;603.398330688476;1408.9182014465325;1.118178369694762;0.3482744277064306
1976-03-01;-24.2;-55.4;53.7007369995117;1976;3;479.05950164794865;1415.0128974914546;0.7533276927433179;0.37780989854606517
1976-04-01;-24.2;-55.4;85.7170639038086;1976;4;303.08610534667923;1383.8419456481931;-0.21095515558927122;0.24718329512157983
1976-05-01;-24.2;-55.4;152.629913330078;1976;5;292.0477142333982;1419.99571609497;0.4670987996174842;0.4064258070478319
1976-06-01;-24.2;-55.4;4.25265979766846;1976;6;242.599637031555;1386.174077033996;0.46818432188923953;0.25464857734164603
1976-07-01;-24.2;-55.4;34.8119659423828;1976;7;191.69453907012922;1357.1706361770623;-0.03486875853173355;0.12660267678884396
1976-08-01;-24.2;-55.4;87.7394561767578;1976;8;126.804081916809;1356.2449769973748;-1.2820052641616555;0.11584716042293403
1976-09-01;-24.2;-55.4;99.0205001831055;1976;9;221.57192230224604;1359.2392396926873;-0.5706245347063653;0.1227038019223393
1976-10-01;-24.2;-55.4;142.9150390625;1976;10;329.6749954223632;1358.5871553421014;-0.010790772571939196;0.10418102671607284
1976-11-01;-24.2;-55.4;122.364974975586;1976;11;364.3005142211914;1386.550641059875;-0.26645747449353463;0.23484563479613701
1976-12-01;-24.2;-55.4;91.7462310791016;1976;12;357.02624511718756;1300.2573060989375;-0.9725853385080158;-0.15127201280395228
1977-01-01;-24.2;-55.4;191.436218261719;1977;1;405.5474243164066;1230.0030641555784;-0.5122578852405357;-0.47379370825086836
1977-02-01;-24.2;-55.4;76.649528503418;1977;2;359.83197784423857;1142.9842882156374;-0.7286301966237526;-0.8959363489438593
1977-03-01;-24.2;-55.4;73.7546234130859;1977;3;341.8403701782228;1163.0381746292117;-0.5087473220780758;-0.7620659799676792
1977-04-01;-24.2;-55.4;82.094482421875;1977;4;232.49863433837885;1159.415593147278;-1.1314359613271043;-0.7881311107368488
1977-05-01;-24.2;-55.4;212.960647583008;1977;5;368.80975341796886;1219.746327400208;1.2888303934552146;-0.47442083274690305
1977-06-01;-24.2;-55.4;41.2511711120605;1977;6;336.30630111694353;1256.7448387146;1.374487979809818;-0.31876198864136235
1977-07-01;-24.2;-55.4;52.8213729858398;1977;7;307.0331916809083;1274.754245758057;1.062523180782016;-0.23202293284337516
1977-08-01;-24.2;-55.4;66.0392456054688;1977;8;160.11178970336908;1253.054035186768;-0.7838392864084085;-0.3486997049318753
1977-09-01;-24.2;-55.4;113.849800109863;1977;9;232.7104187011716;1267.8833351135256;-0.42915625962282433;-0.28593375907841256
1977-10-01;-24.2;-55.4;133.286804199219;1977;10;313.1758499145508;1258.2551002502446;-0.20550127604624188;-0.340964037601308
1977-11-01;-24.2;-55.4;119.681480407715;1977;11;366.818084716797;1255.5716056823737;-0.23304798609950864;-0.3545170346383297
1977-12-01;-24.2;-55.4;194.053100585938;1977;12;447.021385192872;1357.87847518921;0.037306234694816;0.11465437567906507
1978-01-01;-24.2;-55.4;87.7819900512695;1978;1;401.51657104492256;1254.2242469787604;-0.5505400208977324;-0.357517788410816
1978-02-01;-24.2;-55.4;194.729522705078;1978;2;476.5646133422855;1372.3042411804206;0.23543088040684634;0.18686761230440702
1978-03-01;-24.2;-55.4;70.9503784179688;1978;3;353.4618911743163;1369.4999961853034;-0.38991893646552445;0.1825846931567118
1978-04-01;-24.2;-55.4;75.2833023071289;1978;4;340.96320343017567;1362.6888160705573;0.22408582809612448;0.15462323136587067
1978-05-01;-24.2;-55.4;78.2842483520508;1978;5;224.5179290771485;1228.0124168396;-0.3842325035573311;-0.43621763867895635
1978-06-01;-24.2;-55.4;123.387023925781;1978;6;276.9545745849607;1310.1482696533208;0.823289745221852;-0.07760062414949209
1978-07-01;-24.2;-55.4;47.9629783630371;1978;7;249.63425064086888;1305.289875030518;0.5585425685651374;-0.09739290282424057
1978-08-01;-24.2;-55.4;79.282470703125;1978;8;250.63247299194308;1318.5331001281743;0.2824393364609992;-0.05109426631129933
1978-09-01;-24.2;-55.4;74.6259536743164;1978;9;201.87140274047852;1279.3092536926276;-0.833178255897631;-0.23377022317040388
1978-10-01;-24.2;-55.4;238.441604614258;1978;10;392.3500289916994;1384.4640541076667;0.6746791619057975;0.2154084019115988
1978-11-01;-24.2;-55.4;154.491668701172;1978;11;467.5592269897464;1419.2742424011235;0.9946036035456093;0.3762476981110639
1978-12-01;-24.2;-55.4;184.323684692383;1978;12;577.256958007813;1409.5448265075686;1.2818465656209976;0.34677772385531336
1979-01-01;-24.2;-55.4;137.213989257812;1979;1;476.02934265136696;1458.976825714111;0.11929247949644597;0.5701593317565963
1979-02-01;-24.2;-55.4;61.5410995483398;1979;2;383.07877349853476;1325.7884025573728;-0.5214055877807154;-0.0223789896470169
1979-03-01;-24.2;-55.4;163.47900390625;1979;3;362.2340927124018;1418.3170280456538;-0.30195810988708566;0.39181942632579986
1979-04-01;-24.2;-55.4;145.761535644531;1979;4;370.78163909912075;1488.795261383056;0.5444326602017018;0.6930494210995738
1979-05-01;-24.2;-55.4;41.762378692627;1979;5;351.002918243408;1452.2733917236324;1.1089738546728776;0.5405070573453232
1979-06-01;-24.2;-55.4;14.8795118331909;1979;6;202.4034261703489;1343.7658796310423;0.007627949624737235;0.07085862707282083
1979-07-01;-24.2;-55.4;42.9732398986816;1979;7;99.6151304244995;1338.7761411666866;-1.306042201669607;0.047848520492313994
1979-08-01;-24.2;-55.4;60.7804527282715;1979;8;118.63320446014399;1320.274123191833;-1.4179772482741486;-0.043317527129213974
1979-09-01;-24.2;-55.4;54.1433296203613;1979;9;157.8970222473144;1299.791499137878;-1.4903910917881253;-0.14103639890893818
1979-10-01;-24.2;-55.4;103.305908203125;1979;10;218.2296905517578;1164.655802726745;-1.4877421435518499;-0.778243708374089
1979-11-01;-24.2;-55.4;79.3189544677734;1979;11;236.7681922912597;1089.4830884933465;-2.216268963113398;-1.164554607097075
1979-12-01;-24.2;-55.4;162.479751586914;1979;12;345.1046142578124;1067.6391553878775;-1.1188647705773227;-1.3134873131145093
1980-01-01;-24.2;-55.4;237.744918823242;1980;1;479.54362487792935;1168.1700849533074;0.14909338355875326;-0.7777791548298012
1980-02-01;-24.2;-55.4;111.649726867676;1980;2;511.874397277832;1218.2787122726436;0.4953505524347557;-0.5255169241248653
1980-03-01;-24.2;-55.4;95.3699035644531;1980;3;444.7645492553711;1150.1696119308467;0.4631612417968353;-0.8245619133535402
1980-04-01;-24.2;-55.4;65.4161148071289;1980;4;272.435745239258;1069.8241910934446;-0.5905571212673016;-1.2392360860768075
1980-05-01;-24.2;-55.4;43.103343963623;1980;5;203.889362335205;1071.1651563644407;-0.6783319883557726;-1.1930358318696697
1980-06-01;-24.2;-55.4;30.6880073547363;1980;6;139.2074661254882;1086.973651885986;-0.8618714745909374;-1.1344982990413564
1980-07-01;-24.2;-55.4;53.8556747436523;1980;7;127.6470260620116;1097.8560867309568;-0.8544077737897162;-1.0579784723953196
1980-08-01;-24.2;-55.4;64.2325668334961;1980;8;148.7762489318847;1101.3082008361814;-0.9445184828460962;-1.0810142543196113
1980-09-01;-24.2;-55.4;71.1039047241211;1980;9;189.1921463012695;1118.2687759399412;-1.0115760579467632;-1.0001547102833004
1980-10-01;-24.2;-55.4;162.689407348633;1980;10;298.0258789062502;1177.6522750854492;-0.39044892697322264;-0.7161446761055108
1980-11-01;-24.2;-55.4;224.246627807617;1980;11;458.0399398803711;1322.5799484252927;0.8865827244377239;-0.04812756012254074
1980-12-01;-24.2;-55.4;76.5060958862305;1980;12;463.44213104248047;1236.6062927246094;0.20644870835054507;-0.4543530691599647
1981-01-01;-24.2;-55.4;104.1650390625;1981;1;404.91776275634743;1103.0264129638672;-0.5182209660581616;-1.1100219810177299
1981-02-01;-24.2;-55.4;39.9546890258789;1981;2;220.6258239746094;1031.33137512207;-2.215848204049413;-1.4769224124974416
1981-03-01;-24.2;-55.4;146.461166381836;1981;3;290.5808944702149;1082.4226379394531;-1.0683518811495887;-1.1616177374635726
1981-04-01;-24.2;-55.4;46.9352951049805;1981;4;233.3511505126954;1063.9418182373047;-1.1192513485812268;-1.2697374294244135
1981-05-01;-24.2;-55.4;53.8675537109375;1981;5;247.264015197754;1074.7060279846191;-0.08039415558712205;-1.1751496458358297
1981-06-01;-24.2;-55.4;14.9356250762939;1981;6;115.7384738922119;1058.9536457061768;-1.254729841432257;-1.2772657546144732
1981-07-01;-24.2;-55.4;84.2426223754883;1981;7;153.0458011627197;1089.3405933380127;-0.5016537546535498;-1.0999399658137934
1981-08-01;-24.2;-55.4;111.310745239258;1981;8;210.4889926910402;1136.4187717437746;-0.15144573599812378;-0.9057922192785213
1981-09-01;-24.2;-55.4;78.2147598266602;1981;9;273.7681274414065;1143.529626846314;0.05595623529055574;-0.8752245808085168
1981-10-01;-24.2;-55.4;175.740615844727;1981;10;365.2661209106452;1156.5808353424077;0.3880971337506029;-0.8170629372187572
1981-11-01;-24.2;-55.4;150.979797363281;1981;11;404.9351730346682;1083.3140048980717;0.2550447529201664;-1.196204529307406
1981-12-01;-24.2;-55.4;129.033828735352;1981;12;455.75424194335994;1135.8417377471933;0.1277649878802895;-0.9563638183153422
1982-01-01;-24.2;-55.4;107.473747253418;1982;1;387.48737335205095;1139.1504459381113;-0.6858416485915325;-0.9241949238066545
1982-02-01;-24.2;-55.4;305.936614990234;1982;2;542.4441909790039;1405.1323719024663;0.7109682082930581;0.33171536581228184
1982-03-01;-24.2;-55.4;150.408645629883;1982;3;563.8190078735349;1409.0798511505134;1.416319868608686;0.3525991589002149
1982-04-01;-24.2;-55.4;74.0645523071289;1982;4;530.4098129272459;1436.2091083526616;2.0217353440589036;0.47235155787029576
1982-05-01;-24.2;-55.4;191.4609375;1982;5;415.93413543701195;1573.802492141724;1.7391970073634264;1.0283585280052499
1982-06-01;-24.2;-55.4;37.8712120056152;1982;6;303.3967018127441;1596.7380790710456;1.0774476709660543;1.1158923995626608
1982-07-01;-24.2;-55.4;150.142913818359;1982;7;379.4750633239742;1662.6383705139162;1.6181475122491835;1.3420196677156486
1982-08-01;-24.2;-55.4;167.997192382812;1982;8;356.0113182067862;1719.3248176574702;1.2367489485392436;1.584880184149814
1982-09-01;-24.2;-55.4;71.4905395507812;1982;9;389.6306457519522;1712.6005973815913;1.2054015320794655;1.5507824801554606
1982-10-01;-24.2;-55.4;65.3149261474609;1982;10;304.80265808105406;1602.1749076843253;-0.3069560543992808;1.1007402168363054
1982-11-01;-24.2;-55.4;155.739562988281;1982;11;292.5450286865231;1606.9346733093253;-1.2923519394186787;1.1480894032942142
1982-12-01;-24.2;-55.4;234.649475097656;1982;12;455.70396423339787;1712.5503196716293;0.1272475097851951;1.60587851589458
1983-01-01;-24.2;-55.4;79.7611923217773;1983;1;470.15023040771433;1684.8377647399884;0.06910846939754092;1.4982751393715175
1983-02-01;-24.2;-55.4;117.359176635742;1983;2;431.7698440551753;1496.2603263854967;-0.11344805009043885;0.722380156181199
1983-03-01;-24.2;-55.4;130.278213500977;1983;3;327.3985824584963;1476.1298942565904;-0.6602825280863065;0.6335205708711442
1983-04-01;-24.2;-55.4;146.194091796875;1983;4;393.831481933594;1548.2594337463365;0.7805797148937847;0.9364930425889827
1983-05-01;-24.2;-55.4;120.749450683594;1983;5;397.221755981446;1477.5479469299307;1.564509625602066;0.644126009890504
1983-06-01;-24.2;-55.4;9.93788433074951;1983;6;276.8814268112185;1449.614619255065;0.8225652107439239;0.5227382732206044
1983-07-01;-24.2;-55.4;114.942726135254;1983;7;245.6300611495975;1414.4144315719598;0.5206670122084803;0.36723110964847583
1983-08-01;-24.2;-55.4;125.980102539062;1983;8;250.86071300506552;1372.39734172821;0.2847686781632091;0.18640385795778602
1983-09-01;-24.2;-55.4;86.2911682128906;1983;9;327.2139968872066;1387.1979703903194;0.6194362684214328;0.2440885873854504
1983-10-01;-24.2;-55.4;60.8095474243164;1983;10;273.08081817626896;1382.6925916671748;-0.7093124891874366;0.20783841349563748
1983-11-01;-24.2;-55.4;202.442535400391;1983;11;349.543251037598;1429.3955640792847;-0.46547790071802486;0.41954407416559614
1983-12-01;-24.2;-55.4;113.82958984375;1983;12;377.0816726684574;1308.5756788253786;-0.7338169102726974;-0.11240248672908656
1984-01-01;-24.2;-55.4;165.103332519531;1984;1;481.375457763672;1393.9178190231326;0.16456958620992215;0.2853571485323624
1984-02-01;-24.2;-55.4;106.655143737793;1984;2;385.588066101074;1383.2137861251833;-0.4995523538769615;0.235257007597339
1984-03-01;-24.2;-55.4;85.1515960693359;1984;3;356.9100723266599;1338.0871686935425;-0.3551697648485714;0.045309258070412875
1984-04-01;-24.2;-55.4;72.9605178833008;1984;4;264.7672576904297;1264.8535947799683;-0.6900087214529607;-0.28641710895980793
1984-05-01;-24.2;-55.4;28.9487838745117;1984;5;187.06089782714838;1173.0529279708858;-0.9336485163321402;-0.693558709144681
1984-06-01;-24.2;-55.4;39.7210578918457;1984;6;141.6303596496582;1202.836101531982;-0.8240106535888702;-0.5692773233496867
1984-07-01;-24.2;-55.4;63.1869468688965;1984;7;131.8567886352539;1151.0803222656245;-0.7927762117690745;-0.8005783927974122
1984-08-01;-24.2;-55.4;106.994606018066;1984;8;209.9026107788082;1132.0948257446285;-0.15817924409988707;-0.9271716139503112
1984-09-01;-24.2;-55.4;54.1157875061035;1984;9;224.297340393066;1099.9194450378413;-0.535571297852131;-1.0921061129090261
1984-10-01;-24.2;-55.4;184.775894165039;1984;10;345.88628768920853;1223.885791778564;0.17427891116342;-0.4989060641352124
1984-11-01;-24.2;-55.4;119.013488769531;1984;11;357.9051704406735;1140.4567451477042;-0.35202922575206747;-0.907574992228544
1984-12-01;-24.2;-55.4;172.703796386719;1984;12;476.493179321289;1199.3309516906731;0.338059100983082;-0.6367315586767898
1985-01-01;-24.2;-55.4;97.681640625;1985;1;389.39892578125;1131.9092597961421;-0.667212977306725;-0.9611216492800937
1985-02-01;-24.2;-55.4;132.966049194336;1985;2;403.351486206055;1158.220165252685;-0.34753545286085874;-0.8196821969298513
1985-03-01;-24.2;-55.4;59.4287986755371;1985;3;290.0764884948731;1132.4973678588863;-1.074181500710132;-0.9111611486812374
1985-04-01;-24.2;-55.4;82.0315475463867;1985;4;274.42639541625977;1141.5683975219722;-0.5650515128145808;-0.8760627986888573
1985-05-01;-24.2;-55.4;72.3000717163086;1985;5;213.7604179382324;1184.919685363769;-0.5352009175660266;-0.6373179260831873
1985-06-01;-24.2;-55.4;37.0661697387695;1985;6;191.3977890014648;1182.264797210693;-0.1290020733811249;-0.6668620027377871
1985-07-01;-24.2;-55.4;118.626968383789;1985;7;227.9932098388671;1237.7048187255853;0.34881445638234815;-0.398303925871218
1985-08-01;-24.2;-55.4;200.596771240234;1985;8;356.2899093627925;1331.3069839477535;1.2390092707467057;0.00580521066901368
1985-09-01;-24.2;-55.4;157.995330810547;1985;9;477.21907043456997;1435.1865272521968;1.9328107344871326;0.44869773896201864
1985-10-01;-24.2;-55.4;179.982376098633;1985;10;538.5744781494141;1430.3930091857908;2.032692668584275;0.40946923075200303
1985-11-01;-24.2;-55.4;216.413940429688;1985;11;554.391647338868;1527.7934608459477;1.9193461028191023;0.8302532558112248
1985-12-01;-24.2;-55.4;159.972732543945;1985;12;556.3690490722661;1515.0623970031738;1.0956743890143876;0.8038606830112169
1986-01-01;-24.2;-55.4;185.384948730469;1986;1;561.771621704102;1602.7657051086428;0.8085216145714634;1.171067648782361
1986-02-01;-24.2;-55.4;194.864517211914;1986;2;540.222198486328;1664.664173126221;0.6955696388731705;1.404874447956836
1986-03-01;-24.2;-55.4;161.736968994141;1986;3;541.986434936524;1766.9723434448247;1.252128063166038;1.7632614212961137
1986-04-01;-24.2;-55.4;68.002197265625;1986;4;424.60368347168003;1752.942993164063;1.082101694410607;1.7302687858311534
1986-05-01;-24.2;-55.4;279.668121337891;1986;5;509.40728759765705;1960.3110427856454;2.544050182920054;2.432548498586367
1986-06-01;-24.2;-55.4;116.571884155273;1986;6;464.242202758789;2039.816757202149;2.3793937638102025;2.7104238409594403
1986-07-01;-24.2;-55.4;68.1467819213867;1986;7;464.38678741455067;1989.3365707397468;2.1894235072241175;2.489231228316533
1986-08-01;-24.2;-55.4;86.6238098144531;1986;8;271.3424758911128;1875.3636093139658;0.48833004665637314;2.153589043449811
1986-09-01;-24.2;-55.4;179.30827331543;1986;9;334.0788650512698;1896.676551818849;0.6872837655399439;2.2187878384915862
1986-10-01;-24.2;-55.4;223.328231811523;1986;10;489.26031494140614;1940.022407531739;1.6049240786676562;2.329942665818939
1986-11-01;-24.2;-55.4;98.1954193115234;1986;11;500.8319244384764;1821.8038864135742;1.361213561982826;1.9622533330112786
1986-12-01;-24.2;-55.4;175.295608520508;1986;12;496.8192596435544;1837.1267623901372;0.538352092716477;2.081055099464977
1987-01-01;-24.2;-55.4;247.136154174805;1987;1;520.6271820068364;1898.8779678344733;0.4871832573790975;2.305325027881099
1987-02-01;-24.2;-55.4;131.082672119141;1987;2;553.514434814454;1835.0961227417001;0.7870744973649542;2.050967523275488
1987-03-01;-24.2;-55.4;83.9631271362305;1987;3;462.18195343017646;1757.3222808837895;0.6123028959284255;1.727815077486317
1987-04-01;-24.2;-55.4;52.9597778320312;1987;4;268.0055770874027;1742.2798614501958;-0.6477761871504415;1.6904607254043706
1987-05-01;-24.2;-55.4;51.3173561096191;1987;5;188.2402610778808;1513.929096221924;-0.9152550171361888;0.7912416489946623
1987-06-01;-24.2;-55.4;149.505325317383;1987;6;253.78245925903332;1546.862537384034;0.5872039774705281;0.9190087347944269
1987-07-01;-24.2;-55.4;107.535087585449;1987;7;308.3577690124511;1586.2508430480964;1.0733995928894844;1.052902989410865
1987-08-01;-24.2;-55.4;113.372024536133;1987;8;370.41243743896507;1612.9990577697763;1.3521323313076543;1.1777728071505145
1987-09-01;-24.2;-55.4;96.4740905761719;1987;9;317.3812026977539;1530.164875030518;0.5206044891118047;0.8406683484782778
1987-10-01;-24.2;-55.4;184.713638305664;1987;10;394.5597534179689;1491.550281524659;0.6974776488162154;0.6615610493890355
1987-11-01;-24.2;-55.4;138.574600219727;1987;11;419.76232910156295;1531.9294624328627;0.4366318661516995;0.84712884589838
1987-12-01;-24.2;-55.4;137.357376098633;1987;12;460.645614624024;1493.9912300109877;0.1779282666634608;0.7143078532006654
1988-01-01;-24.2;-55.4;158.431625366211;1988;1;434.363601684571;1405.2867012023937;-0.24578685910600684;0.33575232795820736
1988-02-01;-24.2;-55.4;114.770462036133;1988;2;410.55946350097696;1388.9744911193857;-0.2871383343636712;0.26070631769591196
1988-03-01;-24.2;-55.4;80.1920928955078;1988;3;353.3941802978518;1385.203456878663;-0.39060357789321126;0.25042456266608976
1988-04-01;-24.2;-55.4;61.558277130127;1988;4;256.5208320617678;1393.801956176759;-0.7991629338836695;0.2904398027961482
1988-05-01;-24.2;-55.4;42.2804298400879;1988;5;184.0307998657227;1384.7650299072277;-0.9812739185917217;0.2577492743803651
1988-06-01;-24.2;-55.4;18.0942230224609;1988;6;121.9329299926758;1253.3539276123054;-1.1460072295715147;-0.33430468684100917
1988-07-01;-24.2;-55.4;45.9667663574219;1988;7;106.3414192199707;1191.7856063842785;-1.1902310559184959;-0.6090976334579911
1988-08-01;-24.2;-55.4;74.2340469360352;1988;8;138.295036315918;1152.6476287841806;-1.1008272934091723;-0.8260369124484201
1988-09-01;-24.2;-55.4;101.393653869629;1988;9;221.5944671630861;1157.5671920776376;-0.5703333732536108;-0.8066051529059046
1988-10-01;-24.2;-55.4;161.854888916016;1988;10;337.48258972168014;1134.7084426879896;0.07908129975200412;-0.9231392307010859
1988-11-01;-24.2;-55.4;185.127151489258;1988;11;448.37569427490297;1181.2609939575207;0.7753954652136946;-0.7074060346178969
1988-12-01;-24.2;-55.4;126.789756774902;1988;12;473.771797180176;1170.6933746337897;0.3108153590665413;-0.779456016179073
1989-01-01;-24.2;-55.4;99.2105560302734;1989;1;411.12746429443337;1111.472305297852;-0.4596843694860075;-1.066210293555369
1989-02-01;-24.2;-55.4;68.206184387207;1989;2;294.20649719238236;1064.908027648926;-1.367927349932395;-1.2978949110690554
1989-03-01;-24.2;-55.4;90.6129760742188;1989;3;258.02971649169916;1075.3289108276372;-1.459799772026655;-1.197729326256423
1989-04-01;-24.2;-55.4;35.1531600952148;1989;4;193.9723205566406;1048.9237937927248;-1.717590370449404;-1.3481325359085434
1989-05-01;-24.2;-55.4;32.0328140258789;1989;5;157.79895019531247;1038.6761779785159;-1.418083651592984;-1.3590562234699592
1989-06-01;-24.2;-55.4;37.6168556213379;1989;6;104.80282974243157;1058.1988105773928;-1.4570981370854597;-1.2811471025625596
1989-07-01;-24.2;-55.4;91.4654312133789;1989;7;161.11510086059567;1103.6974754333498;-0.39808260455395966;-1.0293215099290909
1989-08-01;-24.2;-55.4;36.0307731628418;1989;8;165.11305999755857;1065.4942016601565;-0.715438472169619;-1.2636927293247247
1989-09-01;-24.2;-55.4;147.482971191406;1989;9;274.97917556762667;1111.5835189819336;0.0694995754795546;-1.0335364026190175
1989-10-01;-24.2;-55.4;121.738586425781;1989;10;305.25233078002873;1071.4672164916985;-0.3014602719494585;-1.2378510634505608
1989-11-01;-24.2;-55.4;114.775192260742;1989;11;383.99674987792895;1001.1152572631826;-0.009077617651672906;-1.6301262671215373
1989-12-01;-24.2;-55.4;112.742828369141;1989;12;349.25660705566395;987.0683288574215;-1.06753451487662;-1.755959413904302
1990-01-01;-24.2;-55.4;138.389038085938;1990;1;365.907058715821;1026.2468109130862;-0.9006111067708125;-1.5191583162503626
1990-02-01;-24.2;-55.4;51.5449638366699;1990;2;302.67683029174884;1009.5855903625489;-1.2802270797230988;-1.5949978080234164
1990-03-01;-24.2;-55.4;96.1451797485352;1990;3;286.0791816711431;1015.1177940368655;-1.1206275459042072;-1.510967956972277
1990-04-01;-24.2;-55.4;53.8740997314453;1990;4;201.5642433166504;1033.838733673096;-1.596086643929879;-1.4276502872412864
1990-05-01;-24.2;-55.4;23.3908710479736;1990;5;173.41015052795407;1025.1967906951907;-1.1525879221469872;-1.428974469788165
1990-06-01;-24.2;-55.4;16.5241012573242;1990;6;93.78907203674308;1004.1040363311769;-1.67663423721199;-1.5643549951296083
1990-07-01;-24.2;-55.4;56.4612770080566;1990;7;96.37624931335438;969.0998821258546;-1.3637944560403887;-1.7178178528443142
1990-08-01;-24.2;-55.4;150.693542480469;1990;8;223.67892074584978;1083.762651443482;-0.003206775126588831;-1.1699977586823358
1990-09-01;-24.2;-55.4;118.083763122559;1990;9;325.2385826110846;1054.3634433746347;0.5997394860344932;-1.3249838630575879
1990-10-01;-24.2;-55.4;163.407196044922;1990;10;432.18450164795;1096.0320529937758;1.0734211349370075;-1.1141487391177805
1990-11-01;-24.2;-55.4;159.164749145508;1990;11;440.65570831298896;1140.4216098785419;0.6854369894214328;-0.9077494194231964
1990-12-01;-24.2;-55.4;123.222763061523;1990;12;445.794708251953;1150.901544570924;0.02450565205392576;-0.8794763410019171
1991-01-01;-24.2;-55.4;127.731292724609;1991;1;410.11880493164;1140.2437992095947;-0.469151856889718;-0.9186331243176543
1991-02-01;-24.2;-55.4;82.2557525634766;1991;2;333.2098083496086;1170.9545879364014;-0.9774605079328459;-0.7564654138147073
1991-03-01;-24.2;-55.4;83.9594116210938;1991;3;293.94645690917946;1158.76881980896;-1.0296311060016798;-0.782748053226165
1991-04-01;-24.2;-55.4;52.391716003418;1991;4;218.6068801879884;1157.2864360809328;-1.3344602136015884;-0.7985730736460852
1991-05-01;-24.2;-55.4;66.9330596923828;1991;5;203.2841873168946;1200.828624725342;-0.6872590441007916;-0.5625118261083912
1991-06-01;-24.2;-55.4;7.27772426605225;1991;6;126.60249996185304;1191.58224773407;-1.0665751359400633;-0.6225220734963756
1991-07-01;-24.2;-55.4;58.0334777832031;1991;7;132.24426174163813;1193.1544485092165;-0.7871725415437734;-0.6027356354939043
1991-08-01;-24.2;-55.4;43.9097213745117;1991;8;109.22092342376703;1086.3706274032593;-1.583074594354003;-1.156709689990843
1991-09-01;-24.2;-55.4;91.1735076904297;1991;9;193.1167068481445;1059.46037197113;-0.9555017625924732;-1.298593281851613
1991-10-01;-24.2;-55.4;118.37028503418;1991;10;253.4535140991214;1014.423460960388;-0.9743969633106133;-1.5327410532281414
1991-11-01;-24.2;-55.4;150.851898193359;1991;11;360.39569091796875;1006.110610008239;-0.31858421972333734;-1.6030768380465683
1991-12-01;-24.2;-55.4;192.543243408203;1991;12;461.7654266357421;1075.431090354919;0.18936252805566658;-1.2719178427015994
1992-01-01;-24.2;-55.4;67.682258605957;1992;1;411.077400207519;1015.382056236267;-0.4601539117103125;-1.5787192177197096
1992-02-01;-24.2;-55.4;130.720748901367;1992;2;390.946250915527;1063.8470525741573;-0.4532083033064198;-1.3034927248027883
1992-03-01;-24.2;-55.4;82.4955520629883;1992;3;280.8985595703123;1062.3831930160518;-1.1814903067946618;-1.2640505538285844
1992-04-01;-24.2;-55.4;146.630905151367;1992;4;359.8472061157223;1156.6223821640008;0.42901323427393795;-0.8018324261481353
1992-05-01;-24.2;-55.4;80.2055130004883;1992;5;309.3319702148436;1169.8948354721063;0.6634680228384806;-0.7085905847071352
1992-06-01;-24.2;-55.4;42.9321594238281;1992;6;269.7685775756834;1205.5492706298821;0.7515065939575506;-0.5564908440005847
1992-07-01;-24.2;-55.4;11.6724796295166;1992;7;134.81015205383298;1159.1882724761956;-0.7503486000856114;-0.7620779318527128
1992-08-01;-24.2;-55.4;73.8438491821289;1992;8;128.4484882354736;1189.1224002838128;-1.2553908782112615;-0.6495113016069277
1992-09-01;-24.2;-55.4;43.3565101623535;1992;9;128.87283897399902;1141.3054027557366;-1.9981096296532939;-0.8861493339743635
1992-10-01;-24.2;-55.4;63.8388214111328;1992;10;181.0391807556152;1086.7739391326895;-2.096399550635574;-1.1605470977172248
1992-11-01;-24.2;-55.4;255.697540283203;1992;11;362.89287185668934;1191.6195812225335;-0.2852051472508439;-0.657335399791524
1992-12-01;-24.2;-55.4;117.977264404297;1992;12;437.5136260986328;1117.0536022186275;-0.06253008915110402;-1.0532588429181542
1993-01-01;-24.2;-55.4;199.32502746582;1993;1;572.99983215332;1248.6963710784905;0.8935083225136834;-0.3839212555312486
1993-02-01;-24.2;-55.4;196.457504272461;1993;2;513.7597961425779;1314.4331264495845;0.5088908549571094;-0.07420085074391154
1993-03-01;-24.2;-55.4;182.383926391602;1993;3;578.1664581298829;1414.3215007781982;1.5219861123670344;0.3748756273844465
1993-04-01;-24.2;-55.4;105.320320129395;1993;4;484.161750793458;1373.0109157562263;1.6274828595671358;0.19990832077491905
1993-05-01;-24.2;-55.4;28.8093872070312;1993;5;316.5136337280282;1321.6147899627692;0.7429366158575936;-0.015175284383102372
1993-06-01;-24.2;-55.4;71.790397644043;1993;6;205.9201049804692;1350.473028182984;0.050232981014032875;0.10018092089648215
1993-07-01;-24.2;-55.4;69.4111328125;1993;7;170.01091766357422;1408.2116813659675;-0.28792336979362365;0.3414737076538914
1993-08-01;-24.2;-55.4;209.772811889648;1993;8;350.974342346191;1544.1406440734866;1.1956838302675743;0.9046396377144844
1993-09-01;-24.2;-55.4;62.552375793457;1993;9;341.736320495605;1563.33650970459;0.7618930799310337;0.973772342079795
1993-10-01;-24.2;-55.4;62.9930725097656;1993;10;335.3182601928706;1562.4907608032229;0.054308266201881845;0.9455620515337811
1993-11-01;-24.2;-55.4;125.559211730957;1993;11;251.1046600341796;1432.352432250977;-1.9655573819430197;0.43215437886667096
1993-12-01;-24.2;-55.4;264.349273681641;1993;12;452.9015579223636;1578.7244415283208;0.09834368794210213;1.069532901160637
1994-01-01;-24.2;-55.4;123.641532897949;1994;1;513.550018310547;1503.04094696045;0.4302370741979603;0.7583071509812469
1994-02-01;-24.2;-55.4;224.588806152344;1994;2;612.579612731934;1531.172248840333;1.177150858410009;0.86787353595424
1994-03-01;-24.2;-55.4;176.444931030273;1994;3;524.6752700805661;1525.233253479004;1.1188554998673719;0.8339375707528618
1994-04-01;-24.2;-55.4;74.0281600952148;1994;4;475.06189727783186;1493.9410934448238;1.5470827525499447;0.7143672048795435
1994-05-01;-24.2;-55.4;41.2778053283691;1994;5;291.7508964538569;1506.4095115661617;0.46366047565285473;0.7610274418953659
1994-06-01;-24.2;-55.4;20.3915596008301;1994;6;135.697525024414;1455.0106735229488;-0.9175353846297251;0.5451792986196476
1994-07-01;-24.2;-55.4;106.820243835449;1994;7;168.4896087646482;1492.4197845458978;-0.3064796089664797;0.6849455340307133
1994-08-01;-24.2;-55.4;105.003318786621;1994;8;232.2151222229001;1387.6502914428706;0.08962999601724837;0.2525261799568008
1994-09-01;-24.2;-55.4;138.354690551758;1994;9;350.178253173828;1463.4526062011716;0.8428867653355661;0.5670993101007308
1994-10-01;-24.2;-55.4;148.760101318359;1994;10;392.118110656738;1549.219635009765;0.6722814833252879;0.8930892694447726
1994-11-01;-24.2;-55.4;145.568054199219;1994;11;432.68284606933605;1569.228477478027;0.5914333162984504;0.997975771430244
1994-12-01;-24.2;-55.4;98.7243881225586;1994;12;393.0525436401366;1403.6035919189444;-0.5497554026590181;0.32037623560832035
1995-01-01;-24.2;-55.4;120.90885925293;1995;1;365.2013015747076;1400.8709182739256;-0.9077786456734053;0.316210642929643
1995-02-01;-24.2;-55.4;262.932067871094;1995;2;482.5653152465826;1439.2141799926756;0.280482914512739;0.4797359382998538
1995-03-01;-24.2;-55.4;151.207748413086;1995;3;535.0486755371101;1413.9769973754885;1.1990543702564775;0.3734132077698578
1995-04-01;-24.2;-55.4;35.8533325195312;1995;4;449.99314880371116;1375.802169799805;1.320306027205665;0.21211516656886784
1995-05-01;-24.2;-55.4;81.3205337524414;1995;5;268.3816146850586;1415.8448982238774;0.18534127805207404;0.3890371909942085
1995-06-01;-24.2;-55.4;5.93118524551392;1995;6;123.10505151748652;1401.384523868561;-1.1258718981839761;0.3196559865675152
1995-07-01;-24.2;-55.4;50.3211288452148;1995;7;137.5728478431701;1344.8854088783269;-0.7112385966158289;0.07408426692513555
1995-08-01;-24.2;-55.4;140.73893737793;1995;8;196.99125146865873;1380.621027469636;-0.30977213292767286;0.22211433771787434
1995-09-01;-24.2;-55.4;35.0598030090332;1995;9;226.11986923217802;1277.326139926911;-0.5122917560454374;-0.24280143016460648
1995-10-01;-24.2;-55.4;105.438461303711;1995;10;281.2372016906742;1234.0044999122633;-0.60296031600824;-0.4521001562787781
1995-11-01;-24.2;-55.4;117.23087310791;1995;11;257.7291374206542;1205.667318820954;-1.8530503116602688;-0.5898985488361647
1995-12-01;-24.2;-55.4;95.2688369750977;1995;12;317.9381713867187;1202.2117676734933;-1.4655829181221847;-0.6225016658030103
1996-01-01;-24.2;-55.4;160.637161254883;1996;1;373.13687133789074;1241.9400696754462;-0.8277227637895638;-0.41629889267869635
1996-02-01;-24.2;-55.4;111.196899414062;1996;2;367.10289764404274;1090.2049012184143;-0.6628638045361014;-1.1655335778359963
1996-03-01;-24.2;-55.4;109.958129882812;1996;3;381.792190551757;1048.9552826881404;-0.11087705304547929;-1.3334250780682377
1996-04-01;-24.2;-55.4;120.04231262207;1996;4;341.197341918944;1133.144262790679;0.2266722288710619;-0.9178906814331775
1996-05-01;-24.2;-55.4;146.386810302734;1996;5;376.38725280761605;1198.2105393409715;1.3636589720168388;-0.574776392132946
1996-06-01;-24.2;-55.4;36.9129524230957;1996;6;303.3420753478997;1229.1923065185533;1.076937730480395;-0.44587764358361837
1996-07-01;-24.2;-55.4;40.3354454040527;1996;7;223.63520812988241;1219.2066230773912;0.30500476255967146;-0.4825775605573161
1996-08-01;-24.2;-55.4;285.145690917969;1996;8;362.3940887451174;1363.6133766174303;1.2882519274749875;0.14810278451973802
1996-09-01;-24.2;-55.4;235.679428100586;1996;9;561.1605644226076;1564.233001708983;2.5536848106975767;0.9773436580033036
1996-10-01;-24.2;-55.4;103.916107177734;1996;10;624.741226196289;1562.7106475830062;2.723550203318425;0.9464289864350295
1996-11-01;-24.2;-55.4;98.2598266601562;1996;11;437.8553619384762;1543.7396011352523;0.6525485796618363;0.8951514415357162
1996-12-01;-24.2;-55.4;29.2511405944824;1996;12;231.42707443237265;1477.721904754637;-2.728600392157361;0.6445902759274363
1997-01-01;-24.2;-55.4;109.589210510254;1997;1;237.10017776489266;1426.673954010008;-2.408015161732861;0.42982736243781844
1997-02-01;-24.2;-55.4;93.4211578369141;1997;2;232.26150894165056;1408.89821243286;-2.069721046491268;0.3481870742291747
1997-03-01;-24.2;-55.4;80.5952758789062;1997;3;283.6056442260744;1379.5353584289542;-1.1495918031935164;0.2259973298048223
1997-04-01;-24.2;-55.4;79.5594940185547;1997;4;253.57592773437506;1339.052539825439;-0.838721541569187;0.050058821356245536
1997-05-01;-24.2;-55.4;11.3514490127563;1997;5;171.50621891021723;1204.0171785354614;-1.1840579663412356;-0.5475991407448934
1997-06-01;-24.2;-55.4;196.436004638672;1997;6;287.346947669983;1363.5402307510376;0.92498533003855;0.15703062700132683
1997-07-01;-24.2;-55.4;117.390899658203;1997;7;325.17835330963135;1440.595685005188;1.2089720281839198;0.47513259415594294
1997-08-01;-24.2;-55.4;91.9504165649414;1997;8;405.77732086181646;1247.4004106521604;1.6237754393765902;-0.37487983048082046
1997-09-01;-24.2;-55.4;154.354309082031;1997;9;363.69562530517544;1166.0752916336053;0.9699577458512613;-0.7652883208733939
1997-10-01;-24.2;-55.4;202.4345703125;1997;10;448.73929595947243;1264.5937547683714;1.2320585213469748;-0.3121523479906867
1997-11-01;-24.2;-55.4;132.989196777344;1997;11;489.778076171875;1299.323124885559;1.2412364756121086;-0.15326517974236253
1997-12-01;-24.2;-55.4;153.602813720703;1997;12;489.02658081054705;1423.6747980117798;0.4622163199408276;0.40927261995798275
1998-01-01;-24.2;-55.4;145.409957885742;1998;1;432.00196838378906;1459.4955453872678;-0.267169925965578;0.572395910467577
1998-02-01;-24.2;-55.4;100.63264465332;1998;2;399.64541625976506;1466.7070322036734;-0.37887279273104146;0.5974555123369117
1998-03-01;-24.2;-55.4;160.296020507812;1998;3;406.338623046874;1546.4077768325794;0.11987989159115078;0.9190486930237438
1998-04-01;-24.2;-55.4;85.7057952880859;1998;4;346.63446044921795;1552.5540781021105;0.2864043177610422;0.9538346923218525
1998-05-01;-24.2;-55.4;42.8572082519531;1998;5;288.859024047851;1584.0598373413075;0.4300395281265713;1.0683819042926659
1998-06-01;-24.2;-55.4;26.6869926452637;1998;6;155.24999618530273;1414.310825347899;-0.619094794930725;0.37453384664443173
1998-07-01;-24.2;-55.4;141.392303466797;1998;7;210.93650436401384;1438.3122291564932;0.17402544192635735;0.4657737448764885
1998-08-01;-24.2;-55.4;137.725708007812;1998;8;305.8050041198727;1484.0875205993636;0.8091277718362282;0.6598034298211347
1998-09-01;-24.2;-55.4;25.169038772583;1998;9;304.28705024719204;1354.9022502899156;0.38580441085934386;0.10372594377152411
1998-10-01;-24.2;-55.4;119.325462341309;1998;10;282.22020912170404;1271.7931423187247;-0.5902845133057922;-0.2795454483271181
1998-11-01;-24.2;-55.4;181.904266357422;1998;11;326.39876747131404;1320.7082118988028;-0.7893357282494776;-0.05654324410791857
1998-12-01;-24.2;-55.4;127.717590332031;1998;12;428.94731903076206;1294.8229885101305;-0.15373005315458316;-0.17675498128597333
1999-01-01;-24.2;-55.4;231.479965209961;1999;1;541.1018218994141;1380.8929958343497;0.6491038349224806;0.22728472270290032
1999-02-01;-24.2;-55.4;123.492958068848;1999;2;482.69051361084007;1403.7533092498777;0.2814189054893726;0.3256760404713401
1999-03-01;-24.2;-55.4;18.9830207824707;1999;3;373.9559440612797;1262.4403095245364;-0.18662924657697644;-0.29433837344200203
1999-04-01;-24.2;-55.4;78.4728927612305;1999;4;220.94887161254925;1255.207406997681;-1.29962214464891;-0.33112221752433
1999-05-01;-24.2;-55.4;30.8511848449707;1999;5;128.30709838867196;1243.2013835906985;-1.9744973032858855;-0.36646683885906617
1999-06-01;-24.2;-55.4;40.8161544799805;1999;6;150.14023208618175;1257.3305454254153;-0.6944688365844724;-0.3160801712063021
1999-07-01;-24.2;-55.4;129.433303833008;1999;7;201.10064315795927;1245.3715457916262;0.06891651784336615;-0.36362386038952776
1999-08-01;-24.2;-55.4;102.524276733398;1999;8;272.77373504638655;1210.1701145172124;0.5021699513878691;-0.5493024891509877
1999-09-01;-24.2;-55.4;141.639678955078;1999;9;373.59725952148403;1326.6407546997075;1.06109680079919;-0.02094371804890286
1999-10-01;-24.2;-55.4;193.848022460938;1999;10;438.01197814941406;1401.1633148193364;1.1297082180334432;0.2864547844808195
1999-11-01;-24.2;-55.4;221.301376342773;1999;11;556.7890777587891;1440.5604248046875;1.943493984947677;0.46706918797732183
1999-12-01;-24.2;-55.4;128.374435424805;1999;12;543.5238342285161;1441.2172698974614;0.9789032843621475;0.4862905343393703
2000-01-01;-24.2;-55.4;132.969116210938;2000;1;482.6449279785161;1342.7064208984384;0.1752716963938147;0.05489685752020125
2000-02-01;-24.2;-55.4;143.631729125977;2000;2;404.9752807617201;1362.8451919555675;-0.3338662992783333;0.14470426872392433
2000-03-01;-24.2;-55.4;96.5990524291992;2000;3;373.19989776611425;1440.461223602296;-0.19399398128581483;0.48515667046106026
2000-04-01;-24.2;-55.4;50.544506072998;2000;4;290.7752876281742;1412.5328369140634;-0.3601654892241194;0.371235302425315
2000-05-01;-24.2;-55.4;16.2977294921875;2000;5;163.44128799438477;1397.9793815612802;-1.3201085108756083;0.3138062220520175
2000-06-01;-24.2;-55.4;1.92068672180176;2000;6;68.76292228698732;1359.0839138031015;-2.255026712988315;0.1376840651343224
2000-07-01;-24.2;-55.4;55.8507232666016;2000;7;74.0691394805909;1285.5013332366952;-1.8048952599427213;-0.1843959828084202
2000-08-01;-24.2;-55.4;69.2679595947266;2000;8;127.03936958313002;1252.2450160980238;-1.2781823792508127;-0.3524411497994405
2000-09-01;-24.2;-55.4;92.1288070678711;2000;9;217.24748992919936;1202.7341442108168;-0.6268502579396918;-0.5895547158697305
2000-10-01;-24.2;-55.4;129.198089599609;2000;10;290.5948562622068;1138.0842113494878;-0.4834863836519943;-0.9066778309947853
2000-11-01;-24.2;-55.4;95.1173477172852;2000;11;316.44424438476534;1011.9001827239999;-0.9334113815137447;-1.571841295259797
2000-12-01;-24.2;-55.4;206.253692626953;2000;12;430.56912994384726;1089.779439926148;-0.136370774461492;-1.1959023212359368
2001-01-01;-24.2;-55.4;204.807037353516;2001;1;506.17807769775425;1161.617361068726;0.3703637974010583;-0.8106237936154261
2001-02-01;-24.2;-55.4;69.3761291503906;2001;2;480.43685913085966;1087.3617610931396;0.26454571133057747;-1.1803051054219402
2001-03-01;-24.2;-55.4;73.393424987793;2001;3;347.5765914916997;1064.1561336517334;-0.44976007301179316;-1.2549353993233736
2001-04-01;-24.2;-55.4;107.67854309082;2001;4;250.44809722900365;1121.2901706695552;-0.8810817355053375;-0.9771067527702667
2001-05-01;-24.2;-55.4;55.2571105957031;2001;5;236.32907867431615;1160.2495517730708;-0.22400290382148744;-0.7546702523523577
2001-06-01;-24.2;-55.4;107.625259399414;2001;6;270.56091308593716;1265.9541244506831;0.7594822780511568;-0.2766913204583252
2001-07-01;-24.2;-55.4;57.5723037719727;2001;7;220.45467376708984;1267.6757049560542;0.2726732067948112;-0.2635393157224881
2001-08-01;-24.2;-55.4;64.3801956176758;2001;8;229.57775878906256;1262.7879409790035;0.06119420268934852;-0.30381005660147903
2001-09-01;-24.2;-55.4;92.2405319213867;2001;9;214.19303131103527;1262.899665832519;-0.667024719226438;-0.30878469735417596
2001-10-01;-24.2;-55.4;156.175842285156;2001;10;312.7965698242185;1289.8774185180662;-0.21005721508855274;-0.19818127988399667
2001-11-01;-24.2;-55.4;138.727798461914;2001;11;387.14417266845675;1333.4878692626949;0.03122772664815164;0.0007590269914003708
2001-12-01;-24.2;-55.4;166.721755981445;2001;12;461.62539672851506;1293.955932617187;0.18793371009853832;-0.18082745070119902
2002-01-01;-24.2;-55.4;120.816818237305;2002;1;426.26637268066406;1209.9657135009759;-0.31943106771039825;-0.571152512566859
2002-02-01;-24.2;-55.4;148.935073852539;2002;2;436.47364807128906;1289.5246582031243;-0.07570828440485293;-0.1889319253790933
2002-03-01;-24.2;-55.4;109.652847290039;2002;3;379.4047393798831;1325.7840805053702;-0.1338450102450776;-0.009041151354658642
2002-04-01;-24.2;-55.4;43.0606842041016;2002;4;301.6486053466797;1261.1662216186521;-0.22816544966225574;-0.30347911758200097
2002-05-01;-24.2;-55.4;133.768737792969;2002;5;286.48226928710966;1339.677848815918;0.4022403227628549;0.06376162154457055
2002-06-01;-24.2;-55.4;100.545272827148;2002;6;277.37469482421864;1332.597862243652;0.8274486544251929;0.02181707428473759
2002-07-01;-24.2;-55.4;79.4683227539062;2002;7;313.78233337402327;1354.4938812255855;1.1176302418125044;0.11518682526266232
2002-08-01;-24.2;-55.4;62.9359359741211;2002;8;242.94953155517535;1353.0496215820308;0.20319378651109654;0.10182300561544987
2002-09-01;-24.2;-55.4;124.620536804199;2002;9;267.02479553222634;1385.429626464843;-0.020196968955982338;0.23645967228957188
2002-10-01;-24.2;-55.4;155.925399780273;2002;10;343.4818725585932;1385.17918395996;0.14720035927083902;0.2184625398905028
2002-11-01;-24.2;-55.4;177.207397460938;2002;11;457.75333404541004;1423.658782958984;0.8833076518912039;0.3950286901139189
2002-12-01;-24.2;-55.4;208.628494262695;2002;12;541.761291503906;1465.565521240234;0.9627399176399114;0.5921654527570193
2003-01-01;-24.2;-55.4;205.013137817383;2003;1;590.8490295410161;1549.761840820312;1.0263897821919252;0.9538614647021386
2003-02-01;-24.2;-55.4;331.386505126953;2003;2;745.028137207031;1732.2132720947259;1.9706561431585845;1.6658876328756478
2003-03-01;-24.2;-55.4;105.842193603516;2003;3;642.241836547852;1728.4026184082031;1.974295776183879;1.6208221151971616
2003-04-01;-24.2;-55.4;100.290832519531;2003;4;537.51953125;1785.6327667236324;2.080361044304854;1.8513328411046792
2003-05-01;-24.2;-55.4;48.1796798706055;2003;5;254.3127059936525;1700.0437088012688;0.009933008071460341;1.5095489009476124
2003-06-01;-24.2;-55.4;166.527160644531;2003;6;314.9976730346675;1766.025596618652;1.1844258607749354;1.7555291191634423
2003-07-01;-24.2;-55.4;133.298248291016;2003;7;348.00508880615246;1819.8555221557615;1.3859348588040545;1.9107998612922867
2003-08-01;-24.2;-55.4;115.170295715332;2003;8;414.995704650879;1872.0898818969724;1.6920801568843904;2.1419797427454297
2003-09-01;-24.2;-55.4;77.8400573730469;2003;9;326.3086013793949;1825.3094024658203;0.6104183436435436;1.9650279961292352
2003-10-01;-24.2;-55.4;120.940002441406;2003;10;313.95035552978493;1790.3240051269534;-0.196209347530652;1.804060368023259
2003-11-01;-24.2;-55.4;228.731552124023;2003;11;427.5116119384759;1841.8481597900384;0.5298485604851677;2.0349402358697466
2003-12-01;-24.2;-55.4;268.836639404297;2003;12;618.508193969726;1902.0563049316402;1.6369893398747863;2.3204435656036098
2004-01-01;-24.2;-55.4;385.294036865234;2004;1;882.862228393554;2082.3372039794913;2.9054218076715936;2.9513126944143573
2004-02-01;-24.2;-55.4;138.966003417969;2004;2;793.0966796875;1889.9167022705074;2.236040852296018;2.2504439630243356
2004-03-01;-24.2;-55.4;171.007583618164;2004;3;695.267623901367;1955.0820922851553;2.327160739860314;2.430443826802065
2004-04-01;-24.2;-55.4;55.0424652099609;2004;4;365.0160522460939;1909.8337249755853;0.4838581776576429;2.2985953986283385
2004-05-01;-24.2;-55.4;26.5081157684326;2004;5;252.5581645965575;1888.1621608734122;-0.01239282288355847;2.1850795822378544
2004-06-01;-24.2;-55.4;29.1595039367676;2004;6;110.7100849151611;1750.794504165649;-1.3460293615078915;1.699665430170876
2004-07-01;-24.2;-55.4;178.6044921875;2004;7;234.2721118927002;1796.1007480621329;0.4109703163428639;1.82697080191332
2004-08-01;-24.2;-55.4;41.4558944702148;2004;8;249.21989059448242;1722.3863468170157;0.2679915786021526;1.5963551857286278
2004-09-01;-24.2;-55.4;102.198150634766;2004;9;322.2585372924808;1746.744440078735;0.5698760129657516;1.6781028444015496
2004-10-01;-24.2;-55.4;203.534027099609;2004;10;347.1880722045898;1829.3384647369378;0.18888737588343696;1.9437851592902178
2004-11-01;-24.2;-55.4;194.45881652832;2004;11;500.19099426269497;1795.065729141235;1.3543045034470893;1.8644783607797142
2004-12-01;-24.2;-55.4;337.952484130859;2004;12;735.9453277587879;1864.181573867797;2.570736929414007;2.181459817670196
2005-01-01;-24.2;-55.4;326.028839111328;2005;1;858.4401397705071;1804.9163761138907;2.7651709578633765;1.958737003041392
2005-02-01;-24.2;-55.4;185.703964233398;2005;2;849.685287475585;1851.65433692932;2.535652358288455;2.1116209896841647
2005-03-01;-24.2;-55.4;158.860214233398;2005;3;670.5930175781241;1839.5069675445538;2.1651827945310753;2.0257447469029195
2005-04-01;-24.2;-55.4;65.8193283081055;2005;4;410.38350677490155;1850.2838306426986;0.9446072911451533;2.086582736111147
2005-05-01;-24.2;-55.4;44.0312385559082;2005;5;268.71078109741177;1867.8069534301742;0.18937107356968477;2.1141575044637677
2005-06-01;-24.2;-55.4;130.95964050293;2005;6;240.81020736694376;1969.6070899963365;0.4488058168905285;2.4738776679708114
2005-07-01;-24.2;-55.4;64.2940216064453;2005;7;239.28490066528354;1855.2966194152818;0.45980722023686305;2.034557584237623
2005-08-01;-24.2;-55.4;96.1757583618164;2005;8;291.42942047119175;1910.0164833068834;0.6783500308212732;2.275677666054704
2005-09-01;-24.2;-55.4;103.833183288574;2005;9;264.30296325683577;1911.6515159606913;-0.05129938217212182;2.271245140404841
2005-10-01;-24.2;-55.4;240.889312744141;2005;10;440.8982543945315;1949.0068016052235;1.1574056652748637;2.3606548836512817
2005-11-01;-24.2;-55.4;117.583976745605;2005;11;462.30647277832;1872.1319618225084;0.9351782421151624;2.1437910026719127
2005-12-01;-24.2;-55.4;141.064605712891;2005;12;499.53789520263706;1675.2440834045406;0.564727667761405;1.45920874238903
